roll_number,name
1,Aarav Sharma
2,Vihaan Patel
3,Aditya Kumar
4,Arjun Reddy
5,Rohan Mehta
6,Kabir Shah
7,Ishaan Nair
8,Reyansh Gupta
9,Ayaan Verma
10,Krish Malhotra
11,Siddharth Rao
12,Ananya Iyer
13,Diya Menon
14,Saanvi Joshi
15,Myra Kapoor
16,Avni Desai
17,Anika Bhat
18,Riya Kulkarni
19,Meera Shetty
20,Ishita Rao
21,Nikhil Gowda
22,Karthik Hegde
23,Akshay Naik
24,Rahul Das
25,Varun Prasad
26,Harsh Vardhan
27,Manish Kumar
28,Arnav Singh
29,Dhruv Jain
30,Yash Patil
31,Priya Sharma
32,Nandini Rao
33,Kavya Reddy
34,Shruti Nair
35,Aditi Mishra
36,Pooja Shah
37,Neha Gupta
38,Sneha Menon
39,Tanvi Joshi
40,Shreya Kulkarni
41,Ritika Bhat
42,Keerthi Shetty
43,Navya Desai
44,Manya Iyer
45,Anushka Rao
46,Swati Gowda
47,Divya Hegde
48,Akshara Naik
49,Simran Kapoor
50,Vaishnavi Patil